{
    "metadata":{
        "normal":70,
        "type":"BufferGeometry",
        "generator":"io_three",
        "version":3,
        "position":70
    },
    "data":{
        "index":{
            "itemSize":1,
            "array":[0,1,2,3,4,5,6,7,8,9,10,11,12,13,14,15,16,17,18,19,20,21,22,23,24,25,26,27,28,29,30,31,32,33,34,35,9,36,10,37,38,39,40,41,42,43,44,45,46,47,48,49,50,51,52,53,54,55,56,57,58,59,60,61,62,63,64,65,66,67,68,69],
            "type":"Uint16Array"
        },
        "attributes":{
            "normal":{
                "itemSize":3,
                "array":[0.433884,-1.71718e-08,-0.900969,0.433884,-1.71718e-08,-0.900969,0.433884,-1.71718e-08,-0.900969,0.974928,-1.71718e-08,-0.222521,0.974928,-1.71718e-08,-0.222521,0.974928,-1.71718e-08,-0.222521,0.781831,3.43437e-08,0.62349,0.781831,3.43437e-08,0.62349,0.781831,3.43437e-08,0.62349,-6.86874e-08,5.96046e-08,1,-6.86874e-08,5.96046e-08,1,-6.86874e-08,5.96046e-08,1,-0.781832,5.15155e-08,0.62349,-0.781832,5.15155e-08,0.62349,-0.781832,5.15155e-08,0.62349,1.69644e-08,1,-3.52269e-08,1.69644e-08,1,-3.52269e-08,1.69644e-08,1,-3.52269e-08,-0.974928,-1.71718e-08,-0.222521,-0.974928,-1.71718e-08,-0.222521,-0.974928,-1.71718e-08,-0.222521,-0.433884,-5.15155e-08,-0.900969,-0.433884,-5.15155e-08,-0.900969,-0.433884,-5.15155e-08,-0.900969,0,-1,3.90989e-08,0,-1,3.90989e-08,0,-1,3.90989e-08,0.433884,-5.37019e-08,-0.900969,0.433884,-5.37019e-08,-0.900969,0.433884,-5.37019e-08,-0.900969,0.974928,-9.94746e-09,-0.222521,0.974928,-9.94746e-09,-0.222521,0.974928,-9.94746e-09,-0.222521,0.781831,3.71629e-08,0.62349,0.781831,3.71629e-08,0.62349,0.781831,3.71629e-08,0.62349,-6.86874e-08,5.96046e-08,1,-0.781832,2.78722e-08,0.62349,-0.781832,2.78722e-08,0.62349,-0.781832,2.78722e-08,0.62349,-8.56517e-08,1,1.95494e-08,-8.56517e-08,1,1.95494e-08,-8.56517e-08,1,1.95494e-08,8.56517e-08,1,1.95494e-08,8.56517e-08,1,1.95494e-08,8.56517e-08,1,1.95494e-08,0,1,0,0,1,0,0,1,0,-3.05687e-08,1,-2.43778e-08,-3.05687e-08,1,-2.43778e-08,-3.05687e-08,1,-2.43778e-08,-0.974928,-1.32633e-08,-0.222521,-0.974928,-1.32633e-08,-0.222521,-0.974928,-1.32633e-08,-0.222521,-0.433884,-2.6851e-08,-0.900969,-0.433884,-2.6851e-08,-0.900969,-0.433884,-2.6851e-08,-0.900969,-0,-1,0,-0,-1,0,-0,-1,0,-8.56517e-08,-1,1.95494e-08,-8.56517e-08,-1,1.95494e-08,-8.56517e-08,-1,1.95494e-08,-6.03449e-15,-1,8.78544e-08,-6.03449e-15,-1,8.78544e-08,-6.03449e-15,-1,8.78544e-08,3.81186e-08,-1,8.70032e-09,3.81186e-08,-1,8.70032e-09,3.81186e-08,-1,8.70032e-09],
                "type":"Float32Array"
            },
            "position":{
                "itemSize":3,
                "array":[0,1,-1,0.781832,-1,-0.62349,0,-1,-1,0.781832,1,-0.62349,0.974928,-1,0.222521,0.781832,-1,-0.62349,0.974928,1,0.222521,0.433884,-1,0.900969,0.974928,-1,0.222521,0.433884,1,0.900969,-0.433884,-1,0.900969,0.433884,-1,0.900969,-0.433884,1,0.900969,-0.974928,-1,0.222521,-0.433884,-1,0.900969,0,1,-1,-0.974928,1,0.222521,0.433884,1,0.900969,-0.974928,1,0.222521,-0.781832,-1,-0.62349,-0.974928,-1,0.222521,-0.781832,1,-0.62349,0,-1,-1,-0.781832,-1,-0.62349,0.781832,-1,-0.62349,0.433884,-1,0.900969,-0.781832,-1,-0.62349,0,1,-1,0.781832,1,-0.62349,0.781832,-1,-0.62349,0.781832,1,-0.62349,0.974928,1,0.222521,0.974928,-1,0.222521,0.974928,1,0.222521,0.433884,1,0.900969,0.433884,-1,0.900969,-0.433884,1,0.900969,-0.433884,1,0.900969,-0.974928,1,0.222521,-0.974928,-1,0.222521,0.974928,1,0.222521,0.781832,1,-0.62349,0,1,-1,0,1,-1,-0.781832,1,-0.62349,-0.974928,1,0.222521,-0.974928,1,0.222521,-0.433884,1,0.900969,0.433884,1,0.900969,0.433884,1,0.900969,0.974928,1,0.222521,0,1,-1,-0.974928,1,0.222521,-0.781832,1,-0.62349,-0.781832,-1,-0.62349,-0.781832,1,-0.62349,0,1,-1,0,-1,-1,-0.781832,-1,-0.62349,0,-1,-1,0.781832,-1,-0.62349,0.781832,-1,-0.62349,0.974928,-1,0.222521,0.433884,-1,0.900969,0.433884,-1,0.900969,-0.433884,-1,0.900969,-0.974928,-1,0.222521,-0.974928,-1,0.222521,-0.781832,-1,-0.62349,0.433884,-1,0.900969],
                "type":"Float32Array"
            }
        }
    }
}